Workbook

Sheet HOME
A1: THE ZAMBIA ICT COLLEGE AUTOMATED INVENTORY SYSTEM
A4: MAIN MENU

Sheet DELIVERY
B1: DELIVERY MODULE
E3: LAPTOP | F3: BRAND NAME | G3: SERIAL NO | H3: MODEL | I3: DELIVERER | J3: RECIEVER | K3: DELIVERY DATE | L3: DELIVERY TIME. | N3: CURRENT DATE | O3: DAYS IN STORE
L4: MORNING | M4: AFTERNOON
E5: 1 | F5: HP | G5: 2354890954 | H5: ELITE BOOK | I5: GILBERT FREEMAN | J5: MELISA ARTHERWAY | K5: 44116 | L5: 0.36736111 | N5: =TODAY() -> 44522 | O5: =N5-K5 -> 406
E6: 2 | F6: DELL | G6: 5763256844 | H6: INSPIRON | I6: EJ RONALD | J6: RACHEAL KENHOOD | K6: 44137 | L6: 0.375 | N6: =TODAY() -> 44522 | O6: =N6-K6 -> 385
E7: 3 | F7: TOSHIBA | G7: 3254697465 | H7: VAIO GT4 | I7: LEWIS KHAN | J7: JOE LYNDON | K7: 44167 | L7: 0.41666667 | N7: =TODAY() -> 44522 | O7: =N7-K7 -> 355
E8: 4 | F8: HP | G8: 6987412350 | H8: SETELLITE PRO | I8: TOM WALTERFIELD | J8: MELISA ARTHERWAY | K8: 43864 | M8: 0.59652778 | N8: =TODAY() -> 44522 | O8: =N8-K8 -> 658
E9: 5 | F9: DELL | G9: 3204683468 | H9: PROBOOK | I9: LIZZY MAGUIRE | J9: MELISA ARTHERWAY | K9: 43991 | M9: 0.70138889 | N9: =TODAY() -> 44522 | O9: =N9-K9 -> 531
E10: 6 | F10: LENOVO | G10: 9046523145 | H10: THINKPAD T450 | I10: SAHI PTr | J10: RACHEAL KENHOOD | K10: 43928 | L10: 0.50694444 | N10: =TODAY() -> 44522 | O10: =N10-K10 -> 594
E11: 7 | F11: TOSHIBA | G11: 6045896430 | H11: TECRA A50 D | I11: BENSON McLYNDON | J11: NATASHA BENUIRE | K11: 44169 | M11: 0.63125 | N11: =TODAY() -> 44522 | O11: =N11-K11 -> 353
E12: 8 | F12: SAMSUNG | G12: 3000005486 | H12: GALAXY GT-3 | I12: ALEX MAGUIRE | J12: NATASHA BENUIRE | K12: 44140 | L12: 0.38125 | N12: =TODAY() -> 44522 | O12: =N12-K12 -> 382
E13: 9 | F13: SONY | G13: 9873005410 | H13: ENVY 17 | I13: DAVE INGERWOOD | J13: SAMUEL DAVIES | K13: 44025 | L13: 0.49305556 | N13: =TODAY() -> 44522 | O13: =N13-K13 -> 497
E14: 10 | F14: ACER | G14: 6974521001 | H14: X1 CARBON | I14: JACKSON SCHNEIDER | J14: NATASHA BENUIRE | K14: 44041 | L14: 0.50833333 | N14: =TODAY() -> 44522 | O14: =N14-K14 -> 481
E15: 11 | F15: ACER | G15: 2145369854 | H15: TETRA | I15: NICK POWELL | J15: RACHEAL KENHOOD | K15: 44053 | M15: 0.70069444 | N15: =TODAY() -> 44522 | O15: =N15-K15 -> 469
E16: 12 | F16: APPLE | G16: 7458636985 | H16: MAC BOOK AIR 2021 | I16: JOHN McCORD | J16: RACHEAL KENHOOD | K16: 44104 | M16: 0.58472222 | N16: =TODAY() -> 44522 | O16: =N16-K16 -> 418
E17: 13 | F17: TOSHIBA | G17: 2254001250 | H17: SWIFT 3X | I17: RAYAN GEOFREY | J17: MELISA ARTHERWAY | K17: 44096 | M17: 0.61041667 | N17: =TODAY() -> 44522 | O17: =N17-K17 -> 426
E18: 14 | F18: LENOVO | G18: 3354669871 | H18: PREDETOR TRITON | I18: LEWIS AURTHER | J18: RACHEAL KENHOOD | K18: 43874 | M18: 0.68263889 | N18: =TODAY() -> 44522 | O18: =N18-K18 -> 648
E19: 15 | F19: SAMSUNG | G19: 2541133665 | H19: THINKPAD GT233 | I19: JACE SHIPMAN | J19: JOE LYNDON | K19: 43997 | L19: 0.40972222 | N19: =TODAY() -> 44522 | O19: =N19-K19 -> 525
E20: 16 | F20: DELL | G20: 1478556660 | H20: ZEN BOOK 16 | I20: RICO THOMPSON | J20: JOE LYNDON | K20: 43936 | M20: 0.64791667 | N20: =TODAY() -> 44522 | O20: =N20-K20 -> 586
E21: 17 | F21: SONY | G21: 4478999990 | H21: XPERIA 2321 | I21: CIARA JOHNSON | J21: MELISA ARTHERWAY | K21: 44151 | M21: 0.63541667 | N21: =TODAY() -> 44522 | O21: =N21-K21 -> 371
E22: 18 | F22: APPLE | G22: 6950000003 | H22: MAC BOOK AIR 2019 | I22: CARLY OSMAN | J22: SAMUEL DAVIES | K22: 44152 | L22: 0.42708333 | N22: =TODAY() -> 44522 | O22: =N22-K22 -> 370
E23: 19 | F23: ASUS | G23: 9654412530 | H23: TECRA | I23: JENNY BERNARD | J23: SAMUEL DAVIES | K23: 44153 | M23: 0.66875 | N23: =TODAY() -> 44522 | O23: =TODAY()-K23 -> 369
E24: 20 | F24: HP | G24: 2103654900 | H24: PROBOOK GMT | I24: FROSS KELLY | J24: JOE LYNDON | K24: 43909 | M24: 0.59583333 | N24: =TODAY() -> 44522 | O24: =TODAY()-K24 -> 613

Sheet MANAGEMENT MODULE
B1: MANAGEMENT MODULE
D3: LAPTOP | E3: BRAND NAME | F3: SERIAL NO | G3: MODEL | H3: STORES PERSONNEL | I3: MEMBER OF STAFF | J3: DATE ISSUED OUT | K3: DATE ISSUED IN | L3: RESTRICTED TIME | N3: STATUS | O3: LAPTOP OUT (TIME) | P3: Maximum(8h) | Q3: PENALTY FEE | V3: ALERT
L4: ISSUED OUT | M4: ISSUED IN
D5: =DELIVERY!E5 -> 1 | E5: =DELIVERY!F5 -> HP | F5: =DELIVERY!G5 -> 2354890954 | G5: =DELIVERY!H5 -> ELITE BOOK | H5: MANAGER | I5: ALEXANDRO KOVIC | J5: Monday, June 30,2020 | K5: 44109 | L5: 0.33333333 | M5: 0.70763889 | N5: =IF(AND(E5="HP", STOCK!$G$4 >0), "AVAILABLE", IF(AND(E5="DELL", STOCK!$G$5 >0), "AVAILABLE", IF(AND(E5="TOSHIBA", STOCK!$G$6 >0), "AVAILABLE",IF(AND(E5="ASUS", STOCK!$G$7 >0), "AVAILABLE", IF(AND(E5="LENOVO", STOCK!$G$8 >0), "AVAILABLE",IF(AND(E5="ACER", STOCK!$G$9 >0), "AVAILABLE",IF(AND(E5="SAMSUNG", STOCK!$G$10 >0), "AVAILABLE",IF(AND(E5="SONY", STOCK!$G$11 >0), "AVAILABLE", IF(AND(E5="APPLE", STOCK!$G$12 >0), "AVAILABLE", "NOT AVAILABLE"))))))))) -> NOT AVAILABLE | O5: =M5-L5 -> 0.37430556 | P5: =IF(O5>TIME(8,0,0),"PENALTY","NO PENALTY") -> PENALTY | Q5: =IF(P5= "PENALTY",IF(E5="Apple","K200","K100"),"k0") -> K100 | V5: LECTURE | W5: number of pc issued out | Y5: STORES PERSONNEL | Z5: NUMBER OF PC ISSUED
D6: =DELIVERY!E6 -> 2 | E6: =DELIVERY!F6 -> DELL | F6: =DELIVERY!G6 -> 5763256844 | G6: =DELIVERY!H6 -> INSPIRON | H6: MANAGER | I6: RODGERS WYNTER | J6: Thursday, February 10, 2020 | K6: 44155 | L6: 0.375 | M6: 0.65625 | N6: =IF(AND(E6="HP", STOCK!$G$4 >0), "AVAILABLE", IF(AND(E6="DELL", STOCK!$G$5 >0), "AVAILABLE", IF(AND(E6="TOSHIBA", STOCK!$G$6 >0), "AVAILABLE",IF(AND(E6="ASUS", STOCK!$G$7 >0), "AVAILABLE", IF(AND(E6="LENOVO", STOCK!$G$8 >0), "AVAILABLE",IF(AND(E6="ACER", STOCK!$G$9 >0), "AVAILABLE",IF(AND(E6="SAMSUNG", STOCK!$G$10 >0), "AVAILABLE",IF(AND(E6="SONY", STOCK!$G$11 >0), "AVAILABLE", IF(AND(E6="APPLE", STOCK!$G$12 >0), "AVAILABLE", "NOT AVAILABLE"))))))))) -> NOT AVAILABLE | O6: =M6-L6 -> 0.28125 | P6: =IF(O6>TIME(8,0,0),"PENALTY","NO PENALTY") -> NO PENALTY | Q6: =IF(P6= "PENALTY",IF(E6="Apple","K200","K100"),"k0") -> k0 | V6: LUST PICKFORD | W6: =COUNTIF(I5:I24,"LUST PICKFORD") -> 3 | Y6: MANAEGR | Z6: =COUNTIF(H5:H24,"MANAGER") -> 7
D7: =DELIVERY!E7 -> 3 | E7: =DELIVERY!F7 -> TOSHIBA | F7: =DELIVERY!G7 -> 3254697465 | G7: =DELIVERY!H7 -> VAIO GT4 | H7: ASSISTANT MANAGER 1 | I7: NATHAN BARBERMAN | J7: Friday, January 17, 2020 | K7: 44081 | L7: 0.41666667 | M7: 0.69791667 | N7: =IF(AND(E7="HP", STOCK!$G$4 >0), "AVAILABLE", IF(AND(E7="DELL", STOCK!$G$5 >0), "AVAILABLE", IF(AND(E7="TOSHIBA", STOCK!$G$6 >0), "AVAILABLE",IF(AND(E7="ASUS", STOCK!$G$7 >0), "AVAILABLE", IF(AND(E7="LENOVO", STOCK!$G$8 >0), "AVAILABLE",IF(AND(E7="ACER", STOCK!$G$9 >0), "AVAILABLE",IF(AND(E7="SAMSUNG", STOCK!$G$10 >0), "AVAILABLE",IF(AND(E7="SONY", STOCK!$G$11 >0), "AVAILABLE", IF(AND(E7="APPLE", STOCK!$G$12 >0), "AVAILABLE", "NOT AVAILABLE"))))))))) -> NOT AVAILABLE | O7: =M7-L7 -> 0.28125 | P7: =IF(O7>TIME(8,0,0),"PENALTY","NO PENALTY") -> NO PENALTY | Q7: =IF(P7= "PENALTY",IF(E7="Apple","K200","K100"),"k0") -> k0 | V7: RODGERS WYNTER | W7: =COUNTIF(I5:I24,"RODGERS WYNTER") -> 1 | Y7: ASSISTANT MANAGER 1 | Z7: =COUNTIF(H5:H24,"ASSISTANT MANAGER 1") -> 4
D8: =DELIVERY!E8 -> 4 | E8: =DELIVERY!F8 -> HP | F8: =DELIVERY!G8 -> 6987412350 | G8: =DELIVERY!H8 -> SETELLITE PRO | H8: MANAGER | I8: NATHAN BARBERMAN | J8: Monday, June 30,2020 | K8: 43958 | L8: 0.34166667 | M8: 0.70763889 | N8: =IF(AND(E8="HP", STOCK!$G$4 >0), "AVAILABLE", IF(AND(E8="DELL", STOCK!$G$5 >0), "AVAILABLE", IF(AND(E8="TOSHIBA", STOCK!$G$6 >0), "AVAILABLE",IF(AND(E8="ASUS", STOCK!$G$7 >0), "AVAILABLE", IF(AND(E8="LENOVO", STOCK!$G$8 >0), "AVAILABLE",IF(AND(E8="ACER", STOCK!$G$9 >0), "AVAILABLE",IF(AND(E8="SAMSUNG", STOCK!$G$10 >0), "AVAILABLE",IF(AND(E8="SONY", STOCK!$G$11 >0), "AVAILABLE", IF(AND(E8="APPLE", STOCK!$G$12 >0), "AVAILABLE", "NOT AVAILABLE"))))))))) -> NOT AVAILABLE | O8: =M8-L8 -> 0.36597222 | P8: =IF(O8>TIME(8,0,0),"PENALTY","NO PENALTY") -> PENALTY | Q8: =IF(P8= "PENALTY",IF(E8="Apple","K200","K100"),"k0") -> K100 | V8: JACE MANCHESTER | W8: =COUNTIF(I5:I24,"JACE MANCHESTER") -> 1 | Y8: ASSISTANT MANAGER 2 | Z8: =COUNTIF(H5:H24,"ASSISTANT MANAGER 2") -> 5
D9: =DELIVERY!E9 -> 5 | E9: =DELIVERY!F9 -> DELL | F9: =DELIVERY!G9 -> 3204683468 | G9: =DELIVERY!H9 -> PROBOOK | H9: ASSISTANT MANAGER 1 | I9: JANE FIREMANS | J9: Thursday, September 16, 2020 | K9: 43923 | L9: 0.51666667 | M9: 0.625 | N9: =IF(AND(E9="HP", STOCK!$G$4 >0), "AVAILABLE", IF(AND(E9="DELL", STOCK!$G$5 >0), "AVAILABLE", IF(AND(E9="TOSHIBA", STOCK!$G$6 >0), "AVAILABLE",IF(AND(E9="ASUS", STOCK!$G$7 >0), "AVAILABLE", IF(AND(E9="LENOVO", STOCK!$G$8 >0), "AVAILABLE",IF(AND(E9="ACER", STOCK!$G$9 >0), "AVAILABLE",IF(AND(E9="SAMSUNG", STOCK!$G$10 >0), "AVAILABLE",IF(AND(E9="SONY", STOCK!$G$11 >0), "AVAILABLE", IF(AND(E9="APPLE", STOCK!$G$12 >0), "AVAILABLE", "NOT AVAILABLE"))))))))) -> NOT AVAILABLE | O9: =M9-L9 -> 0.10833333 | P9: =IF(O9>TIME(8,0,0),"PENALTY","NO PENALTY") -> NO PENALTY | Q9: =IF(P9= "PENALTY",IF(E9="Apple","K200","K100"),"k0") -> k0 | V9: SALI DAEL | W9: =COUNTIF(I5:I24,"SALI DAEL") -> 2 | Y9: ASSISTANT MANAGER 3 | Z9: =COUNTIF(H5:H24,"ASSISTANT MANAGER 3") -> 3
D10: =DELIVERY!E10 -> 6 | E10: =DELIVERY!F10 -> LENOVO | F10: =DELIVERY!G10 -> 9046523145 | G10: =DELIVERY!H10 -> THINKPAD T450 | H10: ASSISTANT MANAGER 2 | I10: RAY BILLIE | J10: Friday, December 10, 2020 | K10: 43928 | L10: 0.42013889 | M10: 0.59236111 | N10: =IF(AND(E10="HP", STOCK!$G$4 >0), "AVAILABLE", IF(AND(E10="DELL", STOCK!$G$5 >0), "AVAILABLE", IF(AND(E10="TOSHIBA", STOCK!$G$6 >0), "AVAILABLE",IF(AND(E10="ASUS", STOCK!$G$7 >0), "AVAILABLE", IF(AND(E10="LENOVO", STOCK!$G$8 >0), "AVAILABLE",IF(AND(E10="ACER", STOCK!$G$9 >0), "AVAILABLE",IF(AND(E10="SAMSUNG", STOCK!$G$10 >0), "AVAILABLE",IF(AND(E10="SONY", STOCK!$G$11 >0), "AVAILABLE", IF(AND(E10="APPLE", STOCK!$G$12 >0), "AVAILABLE", "NOT AVAILABLE"))))))))) -> NOT AVAILABLE | O10: =M10-L10 -> 0.17222222 | P10: =IF(O10>TIME(8,0,0),"PENALTY","NO PENALTY") -> NO PENALTY | Q10: =IF(P10= "PENALTY",IF(E10="Apple","K200","K100"),"k0") -> k0 | V10: NATHAN BARBERMAN | W10: =COUNTIF(I5:I24,"NATHAN BARBERMAN") -> 2 | Y10: ASSISTANT MANAGER 4 | Z10: =COUNTIF(H5:H24,"ASSISTANT MANAGER 4") -> 1
D11: =DELIVERY!E11 -> 7 | E11: =DELIVERY!F11 -> TOSHIBA | F11: =DELIVERY!G11 -> 6045896430 | G11: =DELIVERY!H11 -> TECRA A50 D | H11: MANAGER | I11: DEXTER WILLIAMS | J11: Tusday, November 14, 2020 | K11: 43929 | L11: 0.33541667 | M11: 0.59305556 | N11: =IF(AND(E11="HP", STOCK!$G$4 >0), "AVAILABLE", IF(AND(E11="DELL", STOCK!$G$5 >0), "AVAILABLE", IF(AND(E11="TOSHIBA", STOCK!$G$6 >0), "AVAILABLE",IF(AND(E11="ASUS", STOCK!$G$7 >0), "AVAILABLE", IF(AND(E11="LENOVO", STOCK!$G$8 >0), "AVAILABLE",IF(AND(E11="ACER", STOCK!$G$9 >0), "AVAILABLE",IF(AND(E11="SAMSUNG", STOCK!$G$10 >0), "AVAILABLE",IF(AND(E11="SONY", STOCK!$G$11 >0), "AVAILABLE", IF(AND(E11="APPLE", STOCK!$G$12 >0), "AVAILABLE", "NOT AVAILABLE"))))))))) -> NOT AVAILABLE | O11: =M11-L11 -> 0.25763889 | P11: =IF(O11>TIME(8,0,0),"PENALTY","NO PENALTY") -> NO PENALTY | Q11: =IF(P11= "PENALTY",IF(E11="Apple","K200","K100"),"k0") -> k0 | V11: ARNOLD PETE | W11: =COUNTIF(I5:I24,"ARNOLD PETE") -> 3
D12: =DELIVERY!E12 -> 8 | E12: =DELIVERY!F12 -> SAMSUNG | F12: =DELIVERY!G12 -> 3000005486 | G12: =DELIVERY!H12 -> GALAXY GT-3 | H12: ASSISTANT MANAGER 4 | I12: ARNOLD PETE | J12: Wednesday, March 25, 2020 | K12: 43860 | L12: 0.36180556 | M12: 0.70347222 | N12: =IF(AND(E12="HP", STOCK!$G$4 >0), "AVAILABLE", IF(AND(E12="DELL", STOCK!$G$5 >0), "AVAILABLE", IF(AND(E12="TOSHIBA", STOCK!$G$6 >0), "AVAILABLE",IF(AND(E12="ASUS", STOCK!$G$7 >0), "AVAILABLE", IF(AND(E12="LENOVO", STOCK!$G$8 >0), "AVAILABLE",IF(AND(E12="ACER", STOCK!$G$9 >0), "AVAILABLE",IF(AND(E12="SAMSUNG", STOCK!$G$10 >0), "AVAILABLE",IF(AND(E12="SONY", STOCK!$G$11 >0), "AVAILABLE", IF(AND(E12="APPLE", STOCK!$G$12 >0), "AVAILABLE", "NOT AVAILABLE"))))))))) -> NOT AVAILABLE | O12: =M12-L12 -> 0.34166667 | P12: =IF(O12>TIME(8,0,0),"PENALTY","NO PENALTY") -> PENALTY | Q12: =IF(P12= "PENALTY",IF(E12="Apple","K200","K100"),"k0") -> K100 | V12: ALEXANDRO KOVIC | W12: =COUNTIF(I5:I24,"ALEXANDRO KOVIC") -> 1
D13: =DELIVERY!E13 -> 9 | E13: =DELIVERY!F13 -> SONY | F13: =DELIVERY!G13 -> 9873005410 | G13: =DELIVERY!H13 -> ENVY 17 | H13: ASSISTANT MANAGER 2 | I13: SALI DAEL | J13: Tusday, August 11, 2020 | K13: 43907 | L13: 0.34027778 | M13: 0.6875 | N13: =IF(AND(E13="HP", STOCK!$G$4 >0), "AVAILABLE", IF(AND(E13="DELL", STOCK!$G$5 >0), "AVAILABLE", IF(AND(E13="TOSHIBA", STOCK!$G$6 >0), "AVAILABLE",IF(AND(E13="ASUS", STOCK!$G$7 >0), "AVAILABLE", IF(AND(E13="LENOVO", STOCK!$G$8 >0), "AVAILABLE",IF(AND(E13="ACER", STOCK!$G$9 >0), "AVAILABLE",IF(AND(E13="SAMSUNG", STOCK!$G$10 >0), "AVAILABLE",IF(AND(E13="SONY", STOCK!$G$11 >0), "AVAILABLE", IF(AND(E13="APPLE", STOCK!$G$12 >0), "AVAILABLE", "NOT AVAILABLE"))))))))) -> NOT AVAILABLE | O13: =M13-L13 -> 0.34722222 | P13: =IF(O13>TIME(8,0,0),"PENALTY","NO PENALTY") -> PENALTY | Q13: =IF(P13= "PENALTY",IF(E13="Apple","K200","K100"),"k0") -> K100 | V13: JANE FIREMANS | W13: =COUNTIF(I5:I24,"JANE FIREMANS") -> 2
D14: =DELIVERY!E14 -> 10 | E14: =DELIVERY!F14 -> ACER | F14: =DELIVERY!G14 -> 6974521001 | G14: =DELIVERY!H14 -> X1 CARBON | H14: ASSISTANT MANAGER 2 | I14: DEXTER WILLIAMS | J14: Monday, February 24,2020 | K14: 43997 | L14: 0.38888889 | M14: 0.58958333 | N14: =IF(AND(E14="HP", STOCK!$G$4 >0), "AVAILABLE", IF(AND(E14="DELL", STOCK!$G$5 >0), "AVAILABLE", IF(AND(E14="TOSHIBA", STOCK!$G$6 >0), "AVAILABLE",IF(AND(E14="ASUS", STOCK!$G$7 >0), "AVAILABLE", IF(AND(E14="LENOVO", STOCK!$G$8 >0), "AVAILABLE",IF(AND(E14="ACER", STOCK!$G$9 >0), "AVAILABLE",IF(AND(E14="SAMSUNG", STOCK!$G$10 >0), "AVAILABLE",IF(AND(E14="SONY", STOCK!$G$11 >0), "AVAILABLE", IF(AND(E14="APPLE", STOCK!$G$12 >0), "AVAILABLE", "NOT AVAILABLE"))))))))) -> AVAILABLE | O14: =M14-L14 -> 0.20069444 | P14: =IF(O14>TIME(8,0,0),"PENALTY","NO PENALTY") -> NO PENALTY | Q14: =IF(P14= "PENALTY",IF(E14="Apple","K200","K100"),"k0") -> k0 | V14: RAY BILLIE | W14: =COUNTIF(I5:I24,"RAY BILLIE") -> 1
D15: =DELIVERY!E15 -> 11 | E15: =DELIVERY!F15 -> ACER | F15: =DELIVERY!G15 -> 2145369854 | G15: =DELIVERY!H15 -> TETRA | H15: ASSISTANT MANAGER 1 | I15: ARNOLD PETE | J15: Wednesday, August 17, 2020 | K15: 44029 | L15: 0.37430556 | M15: 0.65486111 | N15: =IF(AND(E15="HP", STOCK!$G$4 >0), "AVAILABLE", IF(AND(E15="DELL", STOCK!$G$5 >0), "AVAILABLE", IF(AND(E15="TOSHIBA", STOCK!$G$6 >0), "AVAILABLE",IF(AND(E15="ASUS", STOCK!$G$7 >0), "AVAILABLE", IF(AND(E15="LENOVO", STOCK!$G$8 >0), "AVAILABLE",IF(AND(E15="ACER", STOCK!$G$9 >0), "AVAILABLE",IF(AND(E15="SAMSUNG", STOCK!$G$10 >0), "AVAILABLE",IF(AND(E15="SONY", STOCK!$G$11 >0), "AVAILABLE", IF(AND(E15="APPLE", STOCK!$G$12 >0), "AVAILABLE", "NOT AVAILABLE"))))))))) -> AVAILABLE | O15: =M15-L15 -> 0.28055556 | P15: =IF(O15>TIME(8,0,0),"PENALTY","NO PENALTY") -> NO PENALTY | Q15: =IF(P15= "PENALTY",IF(E15="Apple","K200","K100"),"k0") -> k0 | V15: DEXTER WILLIAMS | W15: =COUNTIF(I5:I24,"DEXTER WILLIAMS") -> 4
D16: =DELIVERY!E16 -> 12 | E16: =DELIVERY!F16 -> APPLE | F16: =DELIVERY!G16 -> 7458636985 | G16: =DELIVERY!H16 -> MAC BOOK AIR 2021 | H16: ASSISTANT MANAGER 2 | I16: ARNOLD PETE | J16: Monday, September 21,2020 | K16: 43987 | L16: 0.38194444 | M16: 0.60208333 | N16: =IF(AND(E16="HP", STOCK!$G$4 >0), "AVAILABLE", IF(AND(E16="DELL", STOCK!$G$5 >0), "AVAILABLE", IF(AND(E16="TOSHIBA", STOCK!$G$6 >0), "AVAILABLE",IF(AND(E16="ASUS", STOCK!$G$7 >0), "AVAILABLE", IF(AND(E16="LENOVO", STOCK!$G$8 >0), "AVAILABLE",IF(AND(E16="ACER", STOCK!$G$9 >0), "AVAILABLE",IF(AND(E16="SAMSUNG", STOCK!$G$10 >0), "AVAILABLE",IF(AND(E16="SONY", STOCK!$G$11 >0), "AVAILABLE", IF(AND(E16="APPLE", STOCK!$G$12 >0), "AVAILABLE", "NOT AVAILABLE"))))))))) -> NOT AVAILABLE | O16: =M16-L16 -> 0.22013889 | P16: =IF(O16>TIME(8,0,0),"PENALTY","NO PENALTY") -> NO PENALTY | Q16: =IF(P16= "PENALTY",IF(E16="Apple","K200","K100"),"k0") -> k0
D17: =DELIVERY!E17 -> 13 | E17: =DELIVERY!F17 -> TOSHIBA | F17: =DELIVERY!G17 -> 2254001250 | G17: =DELIVERY!H17 -> SWIFT 3X | H17: ASSISTANT MANAGER 1 | I17: DEXTER WILLIAMS | J17: Thursday, March 8, 2020 | K17: 44005 | L17: 0.33541667 | M17: 0.69930556 | N17: =IF(AND(E17="HP", STOCK!$G$4 >0), "AVAILABLE", IF(AND(E17="DELL", STOCK!$G$5 >0), "AVAILABLE", IF(AND(E17="TOSHIBA", STOCK!$G$6 >0), "AVAILABLE",IF(AND(E17="ASUS", STOCK!$G$7 >0), "AVAILABLE", IF(AND(E17="LENOVO", STOCK!$G$8 >0), "AVAILABLE",IF(AND(E17="ACER", STOCK!$G$9 >0), "AVAILABLE",IF(AND(E17="SAMSUNG", STOCK!$G$10 >0), "AVAILABLE",IF(AND(E17="SONY", STOCK!$G$11 >0), "AVAILABLE", IF(AND(E17="APPLE", STOCK!$G$12 >0), "AVAILABLE", "NOT AVAILABLE"))))))))) -> NOT AVAILABLE | O17: =M17-L17 -> 0.36388889 | P17: =IF(O17>TIME(8,0,0),"PENALTY","NO PENALTY") -> PENALTY | Q17: =IF(P17= "PENALTY",IF(E17="Apple","K200","K100"),"k0") -> K100
D18: =DELIVERY!E18 -> 14 | E18: =DELIVERY!F18 -> LENOVO | F18: =DELIVERY!G18 -> 3354669871 | G18: =DELIVERY!H18 -> PREDETOR TRITON | H18: ASSISTANT MANAGER 2 | I18: JACE MANCHESTER | J18: Tuesday, October 27, 2020 | K18: 43878 | L18: 0.48819444 | M18: 0.68472222 | N18: =IF(AND(E18="HP", STOCK!$G$4 >0), "AVAILABLE", IF(AND(E18="DELL", STOCK!$G$5 >0), "AVAILABLE", IF(AND(E18="TOSHIBA", STOCK!$G$6 >0), "AVAILABLE",IF(AND(E18="ASUS", STOCK!$G$7 >0), "AVAILABLE", IF(AND(E18="LENOVO", STOCK!$G$8 >0), "AVAILABLE",IF(AND(E18="ACER", STOCK!$G$9 >0), "AVAILABLE",IF(AND(E18="SAMSUNG", STOCK!$G$10 >0), "AVAILABLE",IF(AND(E18="SONY", STOCK!$G$11 >0), "AVAILABLE", IF(AND(E18="APPLE", STOCK!$G$12 >0), "AVAILABLE", "NOT AVAILABLE"))))))))) -> NOT AVAILABLE | O18: =M18-L18 -> 0.19652778 | P18: =IF(O18>TIME(8,0,0),"PENALTY","NO PENALTY") -> NO PENALTY | Q18: =IF(P18= "PENALTY",IF(E18="Apple","K200","K100"),"k0") -> k0
D19: =DELIVERY!E19 -> 15 | E19: =DELIVERY!F19 -> SAMSUNG | F19: =DELIVERY!G19 -> 2541133665 | G19: =DELIVERY!H19 -> THINKPAD GT233 | H19: MANAGER | I19: SALI DAEL | J19: Tuesday, July 20, 2020 | K19: 43971 | L19: 0.51388889 | M19: 0.64305556 | N19: =IF(AND(E19="HP", STOCK!$G$4 >0), "AVAILABLE", IF(AND(E19="DELL", STOCK!$G$5 >0), "AVAILABLE", IF(AND(E19="TOSHIBA", STOCK!$G$6 >0), "AVAILABLE",IF(AND(E19="ASUS", STOCK!$G$7 >0), "AVAILABLE", IF(AND(E19="LENOVO", STOCK!$G$8 >0), "AVAILABLE",IF(AND(E19="ACER", STOCK!$G$9 >0), "AVAILABLE",IF(AND(E19="SAMSUNG", STOCK!$G$10 >0), "AVAILABLE",IF(AND(E19="SONY", STOCK!$G$11 >0), "AVAILABLE", IF(AND(E19="APPLE", STOCK!$G$12 >0), "AVAILABLE", "NOT AVAILABLE"))))))))) -> NOT AVAILABLE | O19: =M19-L19 -> 0.12916667 | P19: =IF(O19>TIME(8,0,0),"PENALTY","NO PENALTY") -> NO PENALTY | Q19: =IF(P19= "PENALTY",IF(E19="Apple","K200","K100"),"k0") -> k0
D20: =DELIVERY!E20 -> 16 | E20: =DELIVERY!F20 -> DELL | F20: =DELIVERY!G20 -> 1478556660 | G20: =DELIVERY!H20 -> ZEN BOOK 16 | H20: ASSISTANT MANAGER 3 | I20: JANE FIREMANS | J20: Friday, May 15, 2020 | K20: 44085 | L20: 0.48055556 | M20: 0.62430556 | N20: =IF(AND(E20="HP", STOCK!$G$4 >0), "AVAILABLE", IF(AND(E20="DELL", STOCK!$G$5 >0), "AVAILABLE", IF(AND(E20="TOSHIBA", STOCK!$G$6 >0), "AVAILABLE",IF(AND(E20="ASUS", STOCK!$G$7 >0), "AVAILABLE", IF(AND(E20="LENOVO", STOCK!$G$8 >0), "AVAILABLE",IF(AND(E20="ACER", STOCK!$G$9 >0), "AVAILABLE",IF(AND(E20="SAMSUNG", STOCK!$G$10 >0), "AVAILABLE",IF(AND(E20="SONY", STOCK!$G$11 >0), "AVAILABLE", IF(AND(E20="APPLE", STOCK!$G$12 >0), "AVAILABLE", "NOT AVAILABLE"))))))))) -> NOT AVAILABLE | O20: =M20-L20 -> 0.14375 | P20: =IF(O20>TIME(8,0,0),"PENALTY","NO PENALTY") -> NO PENALTY | Q20: =IF(P20= "PENALTY",IF(E20="Apple","K200","K100"),"k0") -> k0
D21: =DELIVERY!E21 -> 17 | E21: =DELIVERY!F21 -> SONY | F21: =DELIVERY!G21 -> 4478999990 | G21: =DELIVERY!H21 -> XPERIA 2321 | H21: ASSISTANT MANAGER 3 | I21: LUST PICKFORD | J21: Monday, March 29, 2020 | K21: 43895 | L21: 0.37222222 | M21: 0.63541667 | N21: =IF(AND(E21="HP", STOCK!$G$4 >0), "AVAILABLE", IF(AND(E21="DELL", STOCK!$G$5 >0), "AVAILABLE", IF(AND(E21="TOSHIBA", STOCK!$G$6 >0), "AVAILABLE",IF(AND(E21="ASUS", STOCK!$G$7 >0), "AVAILABLE", IF(AND(E21="LENOVO", STOCK!$G$8 >0), "AVAILABLE",IF(AND(E21="ACER", STOCK!$G$9 >0), "AVAILABLE",IF(AND(E21="SAMSUNG", STOCK!$G$10 >0), "AVAILABLE",IF(AND(E21="SONY", STOCK!$G$11 >0), "AVAILABLE", IF(AND(E21="APPLE", STOCK!$G$12 >0), "AVAILABLE", "NOT AVAILABLE"))))))))) -> NOT AVAILABLE | O21: =M21-L21 -> 0.26319444 | P21: =IF(O21>TIME(8,0,0),"PENALTY","NO PENALTY") -> NO PENALTY | Q21: =IF(P21= "PENALTY",IF(E21="Apple","K200","K100"),"k0") -> k0
D22: =DELIVERY!E22 -> 18 | E22: =DELIVERY!F22 -> APPLE | F22: =DELIVERY!G22 -> 6950000003 | G22: =DELIVERY!H22 -> MAC BOOK AIR 2019 | H22: ASSISTANT MANAGER 3 | I22: DEXTER WILLIAMS | J22: Wednesday, june 3, 2020 | K22: 43955 | L22: 0.33333333 | M22: 0.70763889 | N22: =IF(AND(E22="HP", STOCK!$G$4 >0), "AVAILABLE", IF(AND(E22="DELL", STOCK!$G$5 >0), "AVAILABLE", IF(AND(E22="TOSHIBA", STOCK!$G$6 >0), "AVAILABLE",IF(AND(E22="ASUS", STOCK!$G$7 >0), "AVAILABLE", IF(AND(E22="LENOVO", STOCK!$G$8 >0), "AVAILABLE",IF(AND(E22="ACER", STOCK!$G$9 >0), "AVAILABLE",IF(AND(E22="SAMSUNG", STOCK!$G$10 >0), "AVAILABLE",IF(AND(E22="SONY", STOCK!$G$11 >0), "AVAILABLE", IF(AND(E22="APPLE", STOCK!$G$12 >0), "AVAILABLE", "NOT AVAILABLE"))))))))) -> NOT AVAILABLE | O22: =M22-L22 -> 0.37430556 | P22: =IF(O22>TIME(8,0,0),"PENALTY","NO PENALTY") -> PENALTY | Q22: =IF(P22= "PENALTY",IF(E22="Apple","K200","K100"),"k0") -> K200
D23: =DELIVERY!E23 -> 19 | E23: =DELIVERY!F23 -> ASUS | F23: =DELIVERY!G23 -> 9654412530 | G23: =DELIVERY!H23 -> TECRA | H23: MANAGER | I23: LUST PICKFORD | J23: Monday, March 16, 2020 | K23: 43942 | L23: 0.46458333 | M23: 0.64861111 | N23: =IF(AND(E23="HP", STOCK!$G$4 >0), "AVAILABLE", IF(AND(E23="DELL", STOCK!$G$5 >0), "AVAILABLE", IF(AND(E23="TOSHIBA", STOCK!$G$6 >0), "AVAILABLE",IF(AND(E23="ASUS", STOCK!$G$7 >0), "AVAILABLE", IF(AND(E23="LENOVO", STOCK!$G$8 >0), "AVAILABLE",IF(AND(E23="ACER", STOCK!$G$9 >0), "AVAILABLE",IF(AND(E23="SAMSUNG", STOCK!$G$10 >0), "AVAILABLE",IF(AND(E23="SONY", STOCK!$G$11 >0), "AVAILABLE", IF(AND(E23="APPLE", STOCK!$G$12 >0), "AVAILABLE", "NOT AVAILABLE"))))))))) -> NOT AVAILABLE | O23: =M23-L23 -> 0.18402778 | P23: =IF(O23>TIME(8,0,0),"PENALTY","NO PENALTY") -> NO PENALTY | Q23: =IF(P23= "PENALTY",IF(E23="Apple","K200","K100"),"k0") -> k0
D24: =DELIVERY!E24 -> 20 | E24: =DELIVERY!F24 -> HP | F24: =DELIVERY!G24 -> 2103654900 | G24: =DELIVERY!H24 -> PROBOOK GMT | H24: MANAGER | I24: LUST PICKFORD | J24: Monday, May 20, 2020 | K24: 43864 | L24: 0.44444444 | M24: 0.59791667 | N24: =IF(AND(E24="HP", STOCK!$G$4 >0), "AVAILABLE", IF(AND(E24="DELL", STOCK!$G$5 >0), "AVAILABLE", IF(AND(E24="TOSHIBA", STOCK!$G$6 >0), "AVAILABLE",IF(AND(E24="ASUS", STOCK!$G$7 >0), "AVAILABLE", IF(AND(E24="LENOVO", STOCK!$G$8 >0), "AVAILABLE",IF(AND(E24="ACER", STOCK!$G$9 >0), "AVAILABLE",IF(AND(E24="SAMSUNG", STOCK!$G$10 >0), "AVAILABLE",IF(AND(E24="SONY", STOCK!$G$11 >0), "AVAILABLE", IF(AND(E24="APPLE", STOCK!$G$12 >0), "AVAILABLE", "NOT AVAILABLE"))))))))) -> NOT AVAILABLE | O24: =M24-L24 -> 0.15347222 | P24: =IF(O24>TIME(8,0,0),"PENALTY","NO PENALTY") -> NO PENALTY | Q24: =IF(P24= "PENALTY",IF(E24="Apple","K200","K100"),"k0") -> k0

Sheet STOCK
A1: STOCK MANAGEMENT
D3: TYPE | E3: TOTAL PC IN STOCK | F3: ISSUED OUT | G3: AVAILABLE
D4: HP | E4: =COUNTIF(DELIVERY!F5:F24, "HP") -> 3 | F4: =COUNTIF('MANAGEMENT MODULE'!E5:E24,"HP") -> 3 | G4: =E4-F4 -> 0
D5: Dell | E5: =COUNTIF(DELIVERY!F6:F25, "Dell") -> 3 | F5: =COUNTIF('MANAGEMENT MODULE'!E5:E24,"Dell") -> 3 | G5: =E5-F5 -> 0
D6: Toshiba | E6: =COUNTIF(DELIVERY!F7:F26, "TOSHIBA") -> 3 | F6: =COUNTIF('MANAGEMENT MODULE'!E5:E24,"Toshiba") -> 3 | G6: =E6-F6 -> 0
D7: Asus | E7: =COUNTIF(DELIVERY!F8:F27, "ASUS") -> 1 | F7: =COUNTIF('MANAGEMENT MODULE'!E5:E24,"Asus") -> 1 | G7: =E7-F7 -> 0
D8: Lenovo | E8: =COUNTIF(DELIVERY!F9:F28, "LENOVO") -> 2 | F8: =COUNTIF('MANAGEMENT MODULE'!E5:E24,"Lenovo") -> 2 | G8: =E8-F8 -> 0
D9: Acer | E9: =COUNTIF(DELIVERY!F10:F29, "ACER") -> 2 | F9: =COUNTIF('MANAGEMENT MODULE'!E5:E24," Acer") -> 0 | G9: =E9-F9 -> 2
D10: Samsung | E10: =COUNTIF(DELIVERY!F11:F30, "SAMSUNG") -> 2 | F10: =COUNTIF('MANAGEMENT MODULE'!E5:E24,"Samsung") -> 2 | G10: =E10-F10 -> 0
D11: Sony | E11: =COUNTIF(DELIVERY!F12:F31, "SONY") -> 2 | F11: =COUNTIF('MANAGEMENT MODULE'!E5:E24,"Sony") -> 2 | G11: =E11-F11 -> 0
D12: Apple | E12: =COUNTIF(DELIVERY!F13:F32, "APPLE") -> 2 | F12: =COUNTIF('MANAGEMENT MODULE'!E5:E24,"Apple") -> 2 | G12: =E12-F12 -> 0
